"uf";"name";"portal";"attemptedOn";"consultedOn";"sourceVerified";"doacao";"causa_mortis";"faixas";"isencoes";"vigencia";"revisao"
"AC";"Acre";"https://sefaz.ac.gov.br/";"2026-10-06";"Não verificado";"false";"Não verificado";"Não verificado";"Não verificado";"Não verificado";"Não verificado";"Não verificado"
"AL";"Alagoas";"https://www.sefaz.al.gov.br/";"2026-10-06";"Não verificado";"false";"Não verificado";"Não verificado";"Não verificado";"Não verificado";"Não verificado";"Não verificado"
"AP";"Amapá";"https://www.sefaz.ap.gov.br/";"2026-10-06";"Não verificado";"false";"Não verificado";"Não verificado";"Não verificado";"Não verificado";"Não verificado";"Não verificado"
"AM";"Amazonas";"https://www.sefaz.am.gov.br/";"2026-10-06";"Não verificado";"false";"Não verificado";"Não verificado";"Não verificado";"Não verificado";"Não verificado";"Não verificado"
"BA";"Bahia";"https://www.sefaz.ba.gov.br/";"2026-10-06";"Não verificado";"false";"Não verificado";"Não verificado";"Não verificado";"Não verificado";"Não verificado";"Não verificado"
"CE";"Ceará";"https://www.sefaz.ce.gov.br/";"2026-10-06";"Não verificado";"false";"Não verificado";"Não verificado";"Não verificado";"Não verificado";"Não verificado";"Não verificado"
"DF";"Distrito Federal";"https://www.receita.fazenda.df.gov.br/";"2026-10-06";"Não verificado";"false";"Não verificado";"Não verificado";"Não verificado";"Não verificado";"Não verificado";"Não verificado"
"ES";"Espírito Santo";"https://sefaz.es.gov.br/";"2026-10-06";"Não verificado";"false";"Não verificado";"Não verificado";"Não verificado";"Não verificado";"Não verificado";"Não verificado"
"GO";"Goiás";"https://goias.gov.br/economia/";"2026-10-06";"Não verificado";"false";"Não verificado";"Não verificado";"Não verificado";"Não verificado";"Não verificado";"Não verificado"
"MA";"Maranhão";"https://portal.sefaz.ma.gov.br/";"2026-10-06";"Não verificado";"false";"Não verificado";"Não verificado";"Não verificado";"Não verificado";"Não verificado";"Não verificado"
"MT";"Mato Grosso";"https://www.sefaz.mt.gov.br/";"2026-10-06";"Não verificado";"false";"Não verificado";"Não verificado";"Não verificado";"Não verificado";"Não verificado";"Não verificado"
"MS";"Mato Grosso do Sul";"https://www.sefaz.ms.gov.br/";"2026-10-06";"Não verificado";"false";"Não verificado";"Não verificado";"Não verificado";"Não verificado";"Não verificado";"Não verificado"
"MG";"Minas Gerais";"https://www.fazenda.mg.gov.br/";"2026-10-06";"Não verificado";"false";"Não verificado";"Não verificado";"Não verificado";"Não verificado";"Não verificado";"Não verificado"
"PA";"Pará";"https://www.sefa.pa.gov.br/";"2026-10-06";"Não verificado";"false";"Não verificado";"Não verificado";"Não verificado";"Não verificado";"Não verificado";"Não verificado"
"PB";"Paraíba";"https://www.sefaz.pb.gov.br/";"2026-10-06";"Não verificado";"false";"Não verificado";"Não verificado";"Não verificado";"Não verificado";"Não verificado";"Não verificado"
"PR";"Paraná";"https://www.fazenda.pr.gov.br/";"2026-10-06";"Não verificado";"false";"Não verificado";"Não verificado";"Não verificado";"Não verificado";"Não verificado";"Não verificado"
"PE";"Pernambuco";"https://www.sefaz.pe.gov.br/";"2026-10-06";"Não verificado";"false";"Não verificado";"Não verificado";"Não verificado";"Não verificado";"Não verificado";"Não verificado"
"PI";"Piauí";"https://www.sefaz.pi.gov.br/";"2026-10-06";"Não verificado";"false";"Não verificado";"Não verificado";"Não verificado";"Não verificado";"Não verificado";"Não verificado"
"RJ";"Rio de Janeiro";"https://portal.fazenda.rj.gov.br/";"2026-10-06";"Não verificado";"false";"Não verificado";"Não verificado";"Não verificado";"Não verificado";"Não verificado";"Não verificado"
"RN";"Rio Grande do Norte";"https://www.sefaz.rn.gov.br/";"2026-10-06";"Não verificado";"false";"Não verificado";"Não verificado";"Não verificado";"Não verificado";"Não verificado";"Não verificado"
"RS";"Rio Grande do Sul";"https://www.receita.fazenda.rs.gov.br/";"2026-10-06";"Não verificado";"false";"Não verificado";"Não verificado";"Não verificado";"Não verificado";"Não verificado";"Não verificado"
"RO";"Rondônia";"https://www.sefin.ro.gov.br/";"2026-10-06";"Não verificado";"false";"Não verificado";"Não verificado";"Não verificado";"Não verificado";"Não verificado";"Não verificado"
"RR";"Roraima";"https://www.sefaz.rr.gov.br/";"2026-10-06";"Não verificado";"false";"Não verificado";"Não verificado";"Não verificado";"Não verificado";"Não verificado";"Não verificado"
"SC";"Santa Catarina";"https://www.sef.sc.gov.br/";"2026-10-06";"Não verificado";"false";"Não verificado";"Não verificado";"Não verificado";"Não verificado";"Não verificado";"Não verificado"
"SP";"São Paulo";"https://portal.fazenda.sp.gov.br/servicos/itcmd/";"2026-10-06";"Não verificado";"false";"Não verificado";"Não verificado";"Não verificado";"Não verificado";"Não verificado";"Não verificado"
"SE";"Sergipe";"https://www.sefaz.se.gov.br/";"2026-10-06";"Não verificado";"false";"Não verificado";"Não verificado";"Não verificado";"Não verificado";"Não verificado";"Não verificado"
"TO";"Tocantins";"https://www.to.gov.br/sefaz/";"2026-10-06";"Não verificado";"false";"Não verificado";"Não verificado";"Não verificado";"Não verificado";"Não verificado";"Não verificado"
